OBS,AUOPARTSNSA,AUTOMOTIVEPRODNSA,CHEMICALPRODNSA,CLOTHINGNSA,CONSUMERGOODSNSA,DURCONSGOODSNSA,ENGERYPRODNSA,FINALPRODUCTSNSA,FOODSTOBACCONSA,FUELSNSA,OTHDURGOODSNSA,PAPERPRODNSA,PRODUCTSNSA,TOTALNSA
1919:1,,,,,,,,,,,,,,7.247333368
1919:2,,,,,,,,,,,,,,7.458000024
1919:3,,,,,,,,,,,,,,8.21666654
1919:4,,,,,,,,,,,,,,7.964000066
1920:1,,,,,,,,,,,,,,8.623999596
1920:2,,,,,,,,,,,,,,8.427333196
1920:3,,,,,,,,,,,,,,8.188333193
1920:4,,,,,,,,,,,,,,7.120999972
1921:1,,,,,,,,,,,,,,6.039666653
1921:2,,,,,,,,,,,,,,6.109666665
1921:3,,,,,,,,,,,,,,6.194000085
1921:4,,,,,,,,,,,,,,6.531333447
1922:1,,,,,,,,,,,,,,7.107333342
1922:2,,,,,,,,,,,,,,7.640666803
1922:3,,,,,,,,,,,,,,7.9496665
1922:4,,,,,,,,,,,,,,8.989333153
1923:1,,,,,,,,,,,,,,9.18599987
1923:2,,,,,,,,,,,,,,9.859999975
1923:3,,,,,,,,,,,,,,9.550999641
1923:4,,,,,,,,,,,,,,9.157666524
1924:1,,,,,,,,,,,,,,9.227666855
1924:2,,,,,,,,,,,,,,8.652000109
1924:3,,,,,,,,,,,,,,8.441333453
1924:4,,,,,,,,,,,,,,9.045666695
1925:1,,,,,,,,,,,,,,9.53700002
1925:2,,,,,,,,,,,,,,9.677666664
1925:3,,,,,,,,,,,,,,9.719666481
1925:4,,,,,,,,,,,,,,10.00066662
1926:1,,,,,,,,,,,,,,10.02866681
1926:2,,,,,,,,,,,,,,10.23900032
1926:3,,,,,,,,,,,,,,10.53433355
1926:4,,,,,,,,,,,,,,10.47800032
1927:1,,,,,,,,,,,,,,10.47800001
1927:2,,,,,,,,,,,,,,10.57633368
1927:3,,,,,,,,,,,,,,10.33766683
1927:4,,,,,,,,,,,,,,9.888333639
1928:1,,,,,,,,,,,,,,10.21100012
1928:2,,,,,,,,,,,,,,10.59066709
1928:3,,,,,,,,,,,,,,10.95566654
1928:4,,,,,,,,,,,,,,11.16666698
1929:1,,,,,,,,,,,,,,11.61600018
1929:2,,,,,,,,,,,,,,12.37433338
1929:3,,,,,,,,,,,,,,12.35999997
1929:4,,,,,,,,,,,,,,11.25066662
1930:1,,,,,,,,,,,,,,10.63266659
1930:2,,,,,,,,,,,,,,10.66066678
1930:3,,,,,,,,,,,,,,9.593333244
1930:4,,,,,,,,,,,,,,8.708000183
1931:1,,,,,,,,,,,,,,8.511666616
1931:2,,,,,,,,,,,,,,8.848666509
1931:3,,,,,,,,,,,,,,8.132333438
1931:4,,,,,,,,,,,,,,7.275666714
1932:1,,,,,,,,,,,,,,6.854333401
1932:2,,,,,,,,,,,,,,6.278333187
1932:3,,,,,,,,,,,,,,6.068000158
1932:4,,,,,,,,,,,,,,6.460999966
1933:1,,,,,,,,,,,,,,6.110000134
1933:2,,,,,,,,,,,,,,7.542666594
1933:3,,,,,,,,,,,,,,8.961333275
1933:4,,,,,,,,,,,,,,7.640666644
1934:1,,,,,,,,,,,,,,8.160666784
1934:2,,,,,,,,,,,,,,8.877000173
1934:3,,,,,,,,,,,,,,7.978000005
1934:4,,,,,,,,,,,,,,7.935666561
1935:1,,,,,,,,,,,,,,9.129666964
1935:2,,,,,,,,,,,,,,9.144000053
1935:3,,,,,,,,,,,,,,9.480666796
1935:4,,,,,,,,,,,,,,10.28166676
1936:1,,,,,,,,,,,,,,9.958333651
1936:2,,,,,,,,,,,,,,11.02566655
1936:3,,,,,,,,,,,,,,11.57366657
1936:4,,,,,,,,,,,,,,12.3739996
1937:1,,,,,,,,,,,,,,12.55666669
1937:2,,,,,,,,,,,,,,13.13266659
1937:3,,,,,,,,,,,,,,12.83766683
1937:4,,,,,,,,,,,,,,10.66033332
1938:1,,,,,,,,,,,,,,9.031333288
1938:2,,,,,,,,,,,,,,8.876999855
1938:3,,,,,,,,,,,,,,9.986666997
1938:4,,,,,,,,,,,,,,10.95566654
1939:1,,,,,13.92633311,,,10.89633338,,,,,11.16300011,11.1239996
1939:2,,,,,14.04766655,,,11.00566673,,,,,11.30133343,11.06833331
1939:3,,,,,14.5176665,,,11.49800014,,,,,11.84033298,11.95299975
1939:4,,,,,15.23066648,,,12.38700008,,,,,12.89033318,13.62466653
1940:1,,,,,14.89666684,,,12.26400026,,,,,12.58633327,13.00633335
1940:2,,,,,14.8513333,,,12.33233325,,,,,12.73833307,13.14666653
1940:3,,,,,15.15466658,,,12.85166645,,,,,13.23566691,13.96166643
1940:4,,,,,16.39900049,,,14.05499999,,,,,14.35500018,15.05699984
1941:1,,,,,17.32433383,,,15.24433327,,,,,15.48733362,16.1663332
1941:2,,,,,18.34066645,,,16.36533324,,,,,16.56533368,17.10766602
1941:3,,,,,18.76533318,,,17.02199936,,,,,17.20066706,17.86600049
1941:4,,,,,19.03866704,,,17.70533307,,,,,17.82233365,18.48433304
1942:1,,,,,18.84133339,,,18.68933296,,,,,18.67933273,19.22866631
1942:2,,,,,15.88333352,,,17.85566711,,,,,17.82233365,18.9053332
1942:3,,,,,16.36866697,,,19.45533307,,,,,19.07966677,19.98699951
1942:4,,,,,16.92999967,,,21.67000008,,,,,21.05566661,21.72866631
1943:1,,,,,16.41433398,,,22.88699977,,,,,22.10566648,22.90866661
1943:2,,,,,16.8693339,,,24.09000015,,,,,23.1003329,23.65266609
1943:3,,,,,18.03699938,,,25.62133344,,,,,24.45433362,24.7203331
1943:4,,,,,17.80933317,,,26.48266665,,,,,25.25533358,25.66133308
1944:1,,,,,17.43033346,,,26.85199992,,,,,25.58699989,26.23766708
1944:2,,,,,17.77899996,,,27.41266632,,,,,26.02899996,26.36400032
1944:3,,,,,18.71999995,,,27.7543335,,,,,26.31933339,26.04066658
1944:4,,,,,18.4773337,,,26.82433383,,,,,25.64233335,25.67533302
1945:1,,,,,18.14333344,,,26.00400035,,,,,25.02066676,25.56299973
1945:2,,,,,18.26500003,,,24.69200007,,,,,23.97066689,24.59399986
1945:3,,,,,18.75033315,,,20.94533285,,,,,20.66866684,20.95633316
1945:4,,,,,19.56933276,,,17.86933263,,,,,17.89166705,18.42833328
1946:1,,,,,20.82833354,,,17.62333361,,,,,17.78100014,17.89399974
1946:2,,,,,21.25333277,,,18.03333282,,,,,18.34733327,18.41399956
1946:3,,,,,23.16466713,,,19.41433334,,,,,19.59133275,20.02933311
1946:4,,,,,24.02933311,,,20.33033371,,,,,20.43366687,20.81599998
1947:1,19.31900024,20.98433304,,59.71866735,23.18000031,18.85533333,,20.61733309,31.10900052,,17.96400007,,20.84833336,21.54600016
1947:2,20.03933271,22.13699977,,51.93666712,22.63366636,19.37666639,,20.24833361,31.35966682,,18.26133283,,20.77933375,21.29333305
1947:3,20.92300034,22.02199999,,55.09499995,23.99899928,19.13500023,,20.986667,35.41733297,,17.91633288,,21.29066594,21.33533351
1947:4,21.87299983,24.22699992,,58.2246666,25.01533318,21.5890007,,22.02566655,34.29866664,,20.45166651,,22.35400009,22.58533287
1948:1,19.55866687,22.55533282,,63.44066747,24.16566594,20.34299978,,21.62900035,29.79000028,,19.39233335,,22.00899951,22.43133354
1948:2,21.34899966,22.78599993,,56.87099965,23.83233325,20.12700017,,21.31466675,31.8939991,,19.02366702,,21.85699972,22.3326664
1948:3,21.21833293,24.32800039,,58.02699916,24.90933291,20.62266668,,21.95733325,35.06700007,,19.0473334,,22.39600054,22.62766711
1948:4,18.56599935,23.78000005,,56.42000071,24.87899971,21.29666646,,22.06666629,33.56366666,,20.28533363,,22.60266685,23.03499985
1949:1,15.1056668,21.14266713,,60.5366656,23.6200002,18.67766698,,21.05466588,29.90666644,,17.63033295,,21.34566689,21.92533366
1949:2,15.17133331,23.72266706,,54.05166626,23.28600057,18.49966685,,20.50799942,31.76033338,,16.34499931,,20.90366681,20.94233322
1949:3,15.4333334,26.25900014,,58.08366648,25.06099955,19.84733327,,21.34233348,35.51766713,,17.14266713,,21.58033371,21.11066691
1949:4,14.46166674,21.56033325,,57.660333,25.30366643,21.05500031,,21.34199969,33.89799945,,20.85633341,,21.8016669,21.47599983
1950:1,13.87233321,23.16066615,,63.60999934,25.59199969,22.5303332,,21.72499975,30.30800056,,22.2373333,,22.13333321,22.34666634
1950:2,17.62700017,29.89100075,,59.15533447,26.57799975,25.46699969,,22.70933406,32.44500033,,23.60666656,,23.47333336,23.91966629
1950:3,19.94099998,32.96066666,,65.32999929,29.41466649,27.76833407,,25.01966604,37.70533371,,25.58300018,,25.5043335,25.75966644
1950:4,19.89733315,30.61166636,,64.87866465,29.44500033,28.56933276,,25.59399986,35.35100047,,27.71366628,,26.18133354,26.88333321
1951:1,17.91099993,28.96866608,,70.54600016,29.32366689,27.20899963,,26.11333275,32.84566625,,26.46366628,,26.47133319,27.17866707
1951:2,18.53333346,28.23366674,,60.70566686,27.20000013,23.69966634,,25.34799957,33.14633306,,21.8326664,,26.07066663,27.01000023
1951:3,17.17933337,23.85233307,,57.71733348,26.56266658,19.07199987,,25.1426665,37.28766759,,17.08333333,,25.58733368,26.18133354
1951:4,16.75366656,22.0940005,,57.37866592,26.80533346,20.69900004,,26.0176665,35.4343338,,20.05900002,,26.22266706,26.91166687
1952:1,17.24533335,22.10833295,,65.30166499,27.23033333,20.82633336,,26.7973334,32.59566625,,20.28499985,,26.71999995,27.44533348
1952:2,16.80833371,24.24133301,,61.5233345,26.83599981,20.54666646,,26.74233373,34.18166733,,18.99933306,,26.73399989,26.77099991
1952:3,17.8233331,20.66700045,,64.70966593,28.30733299,20.38133367,,27.43966675,38.40633392,,20.23766645,,27.39699999,27.33300018
1952:4,17.85600026,25.8700002,,67.16266632,30.02133306,25.96266683,,29.18966675,36.80333328,,25.96400007,,29.12400055,29.84733391
1953:1,19.24233309,29.5739994,,71.36366781,30.24900055,27.46333313,,29.79133288,33.3799998,,26.59433365,,29.59399986,30.49333382
1953:2,19.8863341,32.09633319,,67.52900187,29.71833356,26.5733331,,29.62766647,34.73299917,,24.24966621,,29.69066683,30.74600029
1953:3,19.30766678,29.84799957,,64.2866656,29.96066666,24.72966639,,29.55900002,39.04100037,,22.59499995,,29.48333295,30.18400002
1953:4,18.00900014,25.85566648,,60.33933385,29.20233281,24.01766713,,28.73866717,37.08700053,,23.21366692,,28.80600039,29.36933327
1954:1,17.38699977,27.58499972,11.68766658,66.71133296,28.929334,23.2803332,26.00466665,28.08233325,33.83100001,46.87133408,21.38033295,32.86833318,28.03266652,28.47066689
1954:2,18.98033333,29.51666705,11.12766647,61.26966604,28.89899953,23.5473334,24.23466682,27.56299973,36.03499985,44.94400152,20.99966685,33.07800039,27.9356664,28.33033371
1954:3,19.06766637,24.68833288,11.35399977,62.76399994,29.85466639,22.78433355,24.78866641,27.61733373,39.47533417,46.27166621,21.86866697,34.33666738,27.92233276,27.97900009
1954:4,19.4823335,27.35433261,12.44633325,65.07633209,30.67400042,25.81033389,26.25066694,28.17800013,36.80333328,48.84166718,25.02300008,34.83700053,28.7373333,29.46800041
1955:1,19.84266663,37.41400019,12.57299964,71.95566813,32.16033236,28.96366692,28.37433306,29.21699969,35.26700083,49.99733353,25.38033295,34.48166656,29.59399986,30.90066719
1955:2,21.73100026,38.0049998,12.66300011,69.30533346,32.54000092,29.30700048,26.21999995,29.8326664,38.10600026,47.55666606,25.64233335,34.96600087,30.69866689,32.19300016
1955:3,22.86566671,33.40766652,12.9339997,68.45966721,33.1616656,28.08633359,27.23566628,30.00999959,41.27866618,50.01899974,25.73766645,35.9343338,30.83700053,32.02433332
1955:4,23.24799983,36.34766642,14.35233307,71.30733236,34.28433355,30.93466632,28.86666679,31.28133329,39.37533315,52.26733398,28.57099978,36.88599904,31.98399925,33.695666
1956:1,22.29833285,33.30700048,14.13533338,77.0593338,34.17833328,29.67566744,31.45166651,31.5,37.77166748,53.38099925,28.035333,36.30500031,32.0253334,33.56933339
1956:2,22.58233325,29.93433317,14.73199972,70.96866862,33.61700058,28.13733419,29.49766668,31.48633385,39.82600021,51.36833318,27.22566668,36.64400101,32.3156662,33.63933309
1956:3,23.18266614,25.04833349,15.38199997,70.4896698,34.43599955,26.56066704,30.18966675,31.7740008,43.9673322,54.4083341,26.97566668,37.54766719,32.46766726,32.69833247
1956:4,22.78966649,31.14466604,15.7973334,69.67200216,34.75466665,29.44666735,30.68200048,32.66266759,41.14499919,54.85833359,28.5946668,39.24199931,33.18599955,34.58033244
1957:1,24.00100009,34.94999949,16.2493337,76.01600138,35.07300059,29.6503334,33.26766713,33.27766673,38.53999964,54.77233378,27.3446668,39.27433268,33.46233241,34.70699946
1957:2,23.56433296,31.77899996,16.03233337,72.04066722,34.4666659,27.8320001,30.92833328,32.77199936,40.82799911,53.50933329,26.08266703,39.25833257,33.3793335,34.3700002
1957:3,24.69966698,28.70900027,16.33033371,72.06866709,35.77133433,27.61599986,32.19033241,33.05899938,45.10233434,54.45133336,27.02333323,40.03233337,33.6003329,33.99066798
1957:4,23.29166667,29.71799978,17.68533389,67.69833374,34.93666585,28.53133265,32.83633423,32.0473334,40.97799937,53.89466604,27.89233335,40.3390007,32.52300008,33.17566554
1958:1,22.39666684,26.74899991,17.39633369,71.11033376,33.82899984,25.22566668,35.19099935,30.80300013,38.9073321,51.73199972,24.60700035,39.79033407,30.97533353,31.05500031
1958:2,23.78300031,23.80933317,17.20633316,67.92366536,33.41933314,23.43266678,32.23633321,30.3793335,42.04700089,50.38266627,23.34499995,39.88733419,31.09966596,30.71800041
1958:3,25.48533312,19.31233342,18.17333412,71.70200094,35.3459994,23.2929999,33.68266678,31.40466626,46.48866653,53.78733444,25.47566605,41.19433339,32.20499992,31.98200035
1958:4,25.46333313,29.67466609,18.79600016,72.52000173,36.43833288,29.03966713,34.22133382,32.56700007,42.79799906,55.13666662,28.85666656,42.21100108,33.21366755,33.82199987
1959:1,27.2536672,34.24366633,19.28366725,79.00500234,37.36400096,30.04433314,37.80666733,33.41433334,41.04499944,57.21366628,28.01133347,42.35599899,33.87666702,35.04399999
1959:2,26.12933286,34.74799983,19.66333326,77.42599996,37.8793335,30.45133336,34.59066645,34.41233317,43.95033264,54.51533381,28.42800013,43.22766749,35.45166651,37.0946668
1959:3,28.83599981,26.79233297,20.13333321,77.17200216,38.83533351,28.51866722,36.45266596,34.82266617,48.47566605,55.62900035,29.58266703,44.38933309,35.50700124,35.00200017
1959:4,27.06800016,29.02633413,20.7203331,76.04466756,38.45600001,30.45133273,37.0373319,34.67199961,44.36800003,56.29266612,31.40433375,45.05099996,35.30000051,35.61999893
1960:1,26.70799955,40.08066686,20.56666629,80.95033264,39.57866796,33.32466634,40.09933345,35.73866653,42.44733302,56.82799911,30.035333,44.67966715,35.99066671,37.445666
1960:2,28.33433342,38.10633214,21.11766624,78.7513326,39.69999949,32.42233276,36.89866638,35.80699921,45.56999969,55.37166723,29.66600037,45.21200053,36.54333242,37.13700104
1960:3,27.66833305,28.29133352,21.09933281,76.46733093,39.59366608,28.53133329,38.80666606,35.25999959,49.39433289,58.17700068,28.84466616,45.76100032,35.94900004,35.90066655
1960:4,25.95499992,36.43400065,21.91233317,72.63266754,39.47233327,31.85000038,38.63733292,35.13699977,45.80366643,57.51300049,29.66599973,46.34133275,35.50699997,35.43733342
1961:1,27.00266647,28.9829998,21.40666644,77.08766683,38.27433268,27.98466682,42.28399913,34.24833298,43.41600037,59.33333333,27.6066672,45.26066717,34.44333394,34.53833262
1961:2,28.00699933,34.76266607,22.93300056,77.59499868,39.92733383,31.25233332,38.4066658,35.38333257,46.45500056,54.98666636,29.58266703,45.30900065,36.15600077,36.57499949
1961:3,29.35999997,26.82133357,22.6983331,79.48433431,40.98933283,29.48466682,40.68399938,35.91666667,50.59633382,59.16199875,31.04700025,46.535333,36.87466685,37.06666565
1961:4,29.076334,39.82100042,23.97200012,79.65333303,42.38499959,35.54966609,41.06866709,37.54366684,47.55699921,59.82566833,33.58266703,47.32566706,37.98000081,38.72366587
1962:1,29.63299942,39.2159996,23.83633359,84.02366384,42.02099991,34.12599945,45.22333272,37.66633352,44.785333,61.4956665,31.71366692,46.84200033,37.73133341,38.90633392
1962:2,31.2373333,41.44966761,24.68533325,82.64200083,43.00700124,35.79133352,41.26866659,38.7463328,48.15833282,59.1193339,33.10633341,46.92266719,39.36166636,40.04433314
1962:3,31.71733348,32.97500102,24.84766642,81.48599752,43.52300008,32.66366704,43.85366567,39.03366725,52.61700058,61.06766764,32.71366628,47.51966731,39.79000092,39.70733388
1962:4,31.10633278,44.25999959,25.54333305,79.11799876,43.94733302,37.88933309,43.59233348,39.75833257,48.37533442,61.83833313,34.80866623,47.76166662,40.06633377,40.45166651
1963:1,31.80500031,43.4386673,25.10999997,85.71533203,44.50900014,37.11333338,48.42366791,40.34600067,47.97499975,64.964667,34.03499985,45.45433299,40.21833293,40.91533279
1963:2,32.63466644,46.24933497,27.20566686,86.13866679,45.46433385,38.93200048,43.6843338,40.94766744,49.92833455,61.85966619,35.33266703,46.82566706,41.57233429,42.60066732
1963:3,32.66699982,33.82566643,28.48766645,84.78533427,45.38866806,34.79933294,46.99266688,40.67433294,51.86533356,65.02866618,35.54699961,50.89166641,41.47566605,41.8136673
1963:4,33.83500036,49.36199951,27.57566706,81.74000041,46.6780014,41.66533279,45.51566696,42.09633255,50.64666494,65.09299978,37.88033295,50.37533442,42.52533468,43.21866735
1964:1,33.45300039,47.30099869,25.81433296,88.3100001,46.70866648,40.43233363,50.16233317,42.30133438,49.4943339,65.17866643,37.070666,49.05233383,42.52566528,43.59800084
1964:2,36.50900014,50.67333221,28.96666654,88.92966715,48.28633245,42.40266673,46.71566645,43.49066671,52.31633377,64.60066732,38.30900065,50.27866745,44.18333435,45.25533422
1964:3,38.60466512,36.67933337,30.42066701,87.52000173,48.24066671,37.78766632,51.02399953,43.1490008,54.57066727,66.42066701,38.63033295,53.11833191,44.0036672,44.83399963
1964:4,37.73166656,46.65233231,29.7070001,86.56133525,49.01433309,43.3440005,48.79299927,44.40633265,53.01766713,65.71399943,41.90366618,51.4406662,44.81900024,46.2240003
1965:1,37.24033229,58.26866659,30.03233337,93.52600098,50.91066742,47.3106664,52.79399999,46.1293335,51.54800034,65.94966634,41.83266576,50.19833247,46.09000015,47.839667
1965:2,39.4343338,60.07033412,31.48699951,92.76433309,51.66899999,49.02699916,48.82399877,47.30500031,53.00099945,64.2796669,43.51133474,52.24733353,47.66533279,49.56700007
1965:3,41.68233363,43.30899938,33.19366646,91.15733337,51.3503329,43.25500107,53.07066727,47.27766673,55.53900019,67.76966604,43.5233345,55.71633275,47.88600032,49.27200063
1965:4,41.83533351,61.71333313,32.21866608,90.76266988,53.39866765,52.48566564,51.36266708,49.67066701,54.08633296,68.15500132,47.96333313,53.6509997,49.75099945,51.19666672
1966:1,41.67166646,61.00699997,31.9563338,95.30233256,53.6263326,51.71000036,56.14833196,50.69566727,52.54999924,68.73333232,47.1299998,53.39299901,50.42833455,52.3763326
1966:2,43.40733337,60.35833232,34.39499982,95.69666545,54.42966588,52.61233266,51.39333344,51.96733475,54.83766556,67.25599925,48.88000107,54.69999949,52.09999975,54.13200124
1966:3,44.59700012,40.5416654,36.31933339,92.82099915,54.12666702,45.33966573,57.8100001,51.99466578,57.92700068,71.08866882,48.21333313,60.46033351,52.26566696,53.7246666
1966:4,43.58200073,60.60366694,36.21066666,91.97466532,55.7196668,53.7826678,54.48633194,53.79966736,56.19033305,70.72466532,50.54633331,58.31466802,53.39866638,55.11533356
1967:1,44.17033386,49.54999924,34.37499873,95.41633352,54.50100072,48.79266739,59.50266647,53.35466512,54.97233327,69.65200043,48.79800034,57.62700017,52.88999939,54.36333338
1967:2,39.20266724,53.11133321,36.13666662,94.21399943,55.78366725,49.37566757,57.19833247,54.25999959,58.35133362,69.49366506,47.69166692,59.80733363,54.23500061,54.91966502
1967:3,44.25033315,38.16033427,39.04300054,95.40066783,55.57733281,44.00166702,61.08766683,53.77366765,59.67433294,73.09566752,47.688001,64.29733149,54.24199931,54.37466685
1967:4,46.1503334,54.66266632,38.20033264,94.0709966,57.44666799,53.35699972,60.32866796,55.48233287,57.70333354,73.97366587,53.09200033,60.14366659,55.47466532,56.28066635
1968:1,47.21699905,59.12600072,36.32666524,99.14633179,57.47299957,53.77333323,64.43233363,55.76000086,56.03133265,74.32966614,51.23500061,57.96000036,55.31099955,56.81166712
1968:2,47.3736674,63.11566798,39.89233271,99.80199941,59.11133448,55.39800008,60.53866704,56.75733312,59.0043335,73.28633118,51.54399999,58.66833369,56.85999934,58.38533401
1968:3,48.31733322,44.20199903,43.40000025,98.56033325,59.19400024,48.93266678,66.52033234,56.67000071,62.40566508,77.08766683,52.0656662,63.02300008,57.03533427,57.73533376
1968:4,49.52633286,66.47666423,41.85733287,95.37133535,60.87099965,59.69833374,63.76100159,58.09233348,59.38233439,76.6823349,56.41233444,59.6553332,58.15500005,59.2746671
1969:1,50.64533234,62.99700038,39.60066605,101.2210007,60.78133392,58.61433411,67.88800303,58.24466705,58.42566681,75.76300049,56.66933314,58.73633321,58.11633301,60.03633372
1969:2,51.00999959,60.81233215,41.25166702,100.9609985,61.320666,57.97500102,63.99066798,58.72866567,60.66133245,75.75799815,56.89700063,62.03000132,59.20433299,61.15100098
1969:3,51.60266749,48.29266739,45.16766612,100.5840022,62.13100052,52.70666631,72.32499949,59.0340004,64.05766678,80.47333272,55.67699941,66.12900035,59.5953331,60.85599899
1969:4,52.88100052,61.85499954,43.37200038,95.88966624,61.31200027,57.78799947,68.89933268,58.50099945,60.10333252,81.69366709,56.00333405,60.97833379,58.92100016,60.93700027
1970:1,53.16133372,54.32199987,41.85633469,99.4966685,59.79866536,53.57400004,72.77366638,56.81033325,58.82800039,81.48733266,53.62966665,57.57366562,56.82466634,59.07533391
1970:2,48.445666,58.56233342,46.44566727,100.0629985,61.73466619,55.51499939,68.19366709,57.58399963,61.78499985,79.53899892,54.28833389,59.69233322,58.11533356,59.66633224
1970:3,50.8713328,40.68066661,49.47566605,96.81733449,61.37100093,49.20100021,75.89166768,56.67800013,63.98700078,82.91833496,54.45433426,63.26033274,57.62400055,58.64166641
1970:4,48.41266505,43.30766678,46.38833364,90.72766622,59.78066635,51.15866597,71.95233409,55.05099996,62.01366679,84.09566498,56.02200063,58.49400075,55.96799978,57.51766586
1971:1,51.45299911,65.58666738,43.64266713,94.12466685,61.95966721,58.34933345,76.06666819,55.72466532,60.54066594,84.74599965,54.71233368,58.26399994,56.04399999,58.38566717
1971:2,53.51033274,66.65566762,48.37100093,96.62033335,64.06666692,60.78233337,71.54299927,56.77866745,62.99933243,82.73733521,57.91800054,59.66766612,57.66533279,59.85233307
1971:3,54.93900045,54.35633341,52.42033386,97.32166545,65.08233388,56.05833308,79.60433197,57.38666662,66.04266739,87.12466685,57.39933395,64.54633458,58.62599945,59.26600011
1971:4,55.55266698,64.34466553,50.02566655,96.8093338,65.55533218,62.10633214,75.16566722,58.25900014,64.37666448,86.5530014,61.2240003,61.39733378,59.41200002,60.69033305
1972:1,57.28766759,67.39166768,48.49533335,103.5666656,66.78666687,64.63599904,79.77399953,59.53866704,63.55833435,86.63566844,63.46000036,59.36900075,60.34966787,62.73499934
1972:2,60.69900004,71.83233388,52.46733348,107.7883326,69.79300181,68.4343338,74.81900024,62.04799906,67.65466563,86.49333191,66.69799805,60.09633382,63.35966619,65.40566508
1972:3,59.10433324,57.79133479,57.71999995,105.8553314,70.16333516,61.58500036,84.03566742,62.13333257,70.20899963,92.35166677,65.07299932,64.82633209,63.99033229,65.37899907
1972:4,62.26533381,73.69366709,54.00166575,101.8973338,70.5726649,70.79266866,80.53066508,63.80599976,67.23199972,92.90233358,69.42200216,61.58866628,65.38633219,67.72200012
1973:1,62.65366745,80.10133362,51.95799891,105.5043335,71.27099864,73.79166667,84.7506663,64.84366608,65.85699972,91.30799866,69.94566854,58.91233317,65.75633367,68.86566416
1973:2,62.50333405,80.12399801,57.01100032,109.9710007,73.17366536,74.36599986,78.82166545,66.76166789,68.79033407,93.90333303,70.91900126,60.73800023,68.20133209,71.04133352
1973:3,60.28433228,66.15633265,61.54499944,106.7626673,73.75999959,67.52666601,89.25600179,67.47833506,72.19833374,96.4330012,69.29633458,66.40833537,69.22000122,71.32433319
1973:4,60.35066732,72.39333344,57.97866694,99.08733368,71.49400075,70.49100113,80.25033315,66.94366709,69.7530009,93.55099996,69.89800135,60.95833206,68.3136673,71.24766795
1974:1,60.46233368,66.3203303,54.14333344,103.930336,68.9383316,65.33566538,81.1243337,64.86066564,67.13599904,85.15299988,65.4020017,58.15999985,65.64800008,69.16700236
1974:2,62.11333466,69.89399974,59.79499944,104.8946686,71.57966614,67.6876653,79.62900035,67.36599986,69.71366882,91.46733348,66.90600077,63.3390007,68.49033356,71.13733164
1974:3,60.89733378,60.09033457,65.10199992,100.5836665,72.31866709,62.55366643,88.16233063,67.74399821,72.61033122,94.07533518,65.179334,68.46966807,68.77133433,70.53833262
1974:4,58.23733266,61.91566722,60.53366597,91.47099813,67.9653333,61.20533371,80.2360026,65.18966802,68.36266708,91.78966777,61.44433212,62.18666712,65.65833282,67.44600169
1975:1,55.00799942,50.91766612,56.21133296,86.30066681,62.89133453,50.83899943,85.89833323,60.38733292,64.8723348,90.08899943,51.40633392,58.93299866,60.34233348,61.77966563
1975:2,61.0643336,63.14433161,57.22799937,91.66933187,66.84233348,58.70600001,81.41333262,62.05833308,69.05066681,88.23566691,56.13133367,58.81399918,62.16566594,62.65800095
1975:3,62.21933365,61.67699941,60.71999995,96.5030009,70.632665,59.85700099,91.70633443,63.70666631,73.3693339,96.10066477,59.22933324,63.11733373,64.15666835,64.13266754
1975:4,62.83533351,67.58066686,57.76499939,96.1850001,69.32066854,63.56266658,81.55733236,63.39366659,70.53099823,92.97866567,61.33433151,59.29966609,63.78499985,65.18233109
1976:1,65.20499929,75.5713323,57.96299998,105.8136673,71.62599691,67.24599965,87.48600006,64.84933345,69.62099965,93.00299835,61.80699921,60.04466629,64.90133413,66.97933451
1976:2,61.29299927,80.54933167,61.84100087,110.5410004,74.30333455,70.97966512,81.44266764,66.74066671,72.367335,96.49400075,64.59833399,62.81566747,67.32166545,69.43333181
1976:3,60.53566742,68.47099813,68.39733378,102.9829992,75.48466492,65.01833216,91.09433492,67.50333405,77.46899923,100.0756658,63.16533534,68.3086675,68.59066772,69.90700022
1976:4,69.28599803,77.29833221,65.35400136,99.43833415,74.95433299,70.24766541,86.93266805,68.09133403,74.58733368,100.385999,65.93900045,66.1286672,68.92366536,70.77433268
1977:1,72.9439977,87.88099925,60.66999944,105.4866664,77.71366628,75.07566579,109.8993327,70.17033386,72.85366567,101.8183339,66.73899968,66.66000112,70.44466654,72.49066671
1977:2,74.37066905,93.41699982,65.09633255,109.465332,78.9930013,80.14033508,76.05299886,72.02600098,76.9343338,100.936999,71.65999858,70.34066772,72.90066528,75.25666809
1977:3,73.35933431,80.42766825,71.7543335,111.2649994,81.21133169,76.27333577,80.89133453,73.75599925,80.58933258,103.7553329,73.59400177,77.37066396,74.76999919,75.80233256
1977:4,73.83833313,87.18466441,66.14100011,109.0346654,80.24533081,79.97966512,85.22666677,73.73166911,77.75533295,103.7063319,75.36566925,71.30766551,74.51300049,76.17400106
1978:1,73.33666738,86.41299947,64.15633265,106.3943329,80.55666606,77.94700114,105.7019984,74.08066813,75.804334,97.50466665,72.5019989,71.26499939,74.57099915,75.87866465
1978:2,76.23799896,96.48700205,70.46100108,113.8889999,82.67233276,84.50166829,80.15166728,76.9943339,79.91066742,100.3033346,76.78366597,73.53499858,77.61599986,79.60799917
1978:3,77.35933431,82.66933695,76.04666392,115.2310003,84.32466634,78.36266581,84.22899882,78.60499827,83.72499847,104.9229991,75.5636673,83.64200083,79.33866628,80.21600087
1978:4,76.4399999,92.78400167,69.86799876,110.2603327,82.87299856,81.90733337,89.02266947,79.03499858,80.52633413,107.8173319,74.88933309,75.76500193,79.65166728,81.60699972
1979:1,73.98899841,92.6293335,67.06099955,107.2056656,82.83166504,81.01566823,107.1896667,79.8143336,77.17066701,98.53400167,73.55599976,74.92833201,79.94600169,81.98899841
1979:2,69.32766724,89.15233358,70.67466736,106.7193324,81.27866618,79.64866638,80.91766612,79.4413325,80.8106664,98.32833354,73.59066518,77.20766449,80.04866791,82.37966919
1979:3,70.29733531,70.45166779,76.77100118,107.4943314,81.55799866,72.25733439,82.1893336,79.79133097,83.47433217,100.6366679,73.35499827,81.81966654,80.61033376,81.67833455
1979:4,68.06999969,73.45833333,71.82666779,105.5460002,80.35199992,73.80599976,85.19733175,79.5600001,81.63966878,98.76200104,73.98966726,74.76766459,80.11766815,81.81900024
1980:1,62.0613327,68.51300176,70.70933278,107.019666,80.27666728,70.36466471,99.08933258,79.53600057,79.21233368,94.98933411,71.48133087,73.94933319,79.44233449,81.8156662
1980:2,56.38433329,60.08866628,73.8136673,108.8636678,77.4953359,65.07866542,77.18166606,77.70033264,81.25033315,88.6280009,68.14466604,75.26533508,77.18166606,78.4469986
1980:3,58.44966634,54.68066788,81.64433543,109.1893311,80.74599965,62.66400019,82.90233358,79.64099884,85.82166799,89.79733531,67.61533356,84.57166545,79.25799815,78.01899974
1980:4,60.43000031,65.89966583,74.02933248,104.8446655,79.98000081,69.47066498,83.97433472,80.34100087,83.41833242,90.9356664,71.58766683,77.89266713,79.88200124,80.53433228
1981:1,58.1850001,62.45133336,70.59466553,103.0103327,80.02600098,68.01366425,99.52499898,80.20933278,80.91133372,91.54500071,71.38433329,77.10766856,79.38400014,80.81866709
1981:2,57.19833374,68.88433329,73.52466583,107.537,79.6873347,71.13400014,75.62700144,80.99799856,83.46866608,86.15766652,72.37400055,78.36699931,80.29966736,80.97233327
1981:3,59.97666804,57.72066625,78.89933523,111.0690002,82.05766805,66.17866643,80.98833466,82.77733358,87.68066661,90.40166473,71.55033112,86.23866781,82.13833364,82.23866526
1981:4,57.80333328,57.21166611,70.22699738,106.7426656,78.44466654,63.56533305,84.14066569,80.96400197,83.73233287,91.82833354,67.53500239,79.95833333,79.83399709,79.97900136
1982:1,58.39200083,56.3743337,67.20733388,104.591334,78.37466431,60.31233215,99.99099986,79.85833232,81.99266561,84.60933431,62.68600082,80.5,78.64200083,78.65866597
1982:2,56.67133458,65.23999914,69.84599813,107.0313314,78.07633209,65.09800084,77.42366791,78.41633352,83.73733266,89.28066762,64.76299795,80.56400045,77.71566772,77.01633453
1982:3,56.74399948,57.94499969,76.25033315,108.0123316,80.89500173,62.41366577,80.56933594,78.59599813,88.72200012,91.48100026,65.13633347,87.78433228,78.46299998,76.33700053
1982:4,57.70566686,57.02033234,70.6933314,103.5513331,77.91133372,62.06633377,82.85733541,76.16600037,84.4993337,90.88433329,65.16299947,79.70466868,75.97300212,74.60799917
1983:1,58.73433304,66.40333303,68.70099894,102.8969981,79.1856664,66.48133341,93.48799896,76.20733388,81.72833252,81.06533051,66.25333405,80.86533356,75.94266764,75.79233551
1983:2,63.08300018,75.38433329,72.14033508,107.6476644,81.36700185,73.46833293,76.23699951,77.75466919,85.89266713,87.89399974,71.8783315,82.83333588,78.01366425,77.50800069
1983:3,66.35133489,72.1313324,81.18166606,111.9866664,86.9426651,74.24166616,83.75166829,82.61699931,91.98366547,92.21000163,75.39500173,93.73433431,83.14033508,81.52366638
1983:4,70.59133403,83.39499919,71.49333445,109.065333,85.16233317,80.89266713,87.88433075,83.57400004,86.95800018,90.01233419,78.89766693,86.27666728,83.86433156,83.23199972
1984:1,73.92199961,91.27399953,68.57099915,108.645668,86.3246638,83.81499736,105.7200012,85.08666738,83.77999878,89.15533447,78.47033437,85.0606664,84.74633535,85.46533203
1984:2,77.14699809,93.27533468,72.10466766,110.0136668,86.18233236,86.20399984,79.98033396,85.95400238,87.59033203,92.36066437,81.13800049,88.89699809,86.0593338,86.34866842
1984:3,79.93900045,83.48600006,79.62900035,106.295667,88.42566681,82.05233256,80.8163325,88.86333211,92.44800059,91.62833405,80.64800008,97.8799998,89.17233276,87.89866638
1984:4,80.33066813,89.43766785,73.57666524,100.4990005,85.9439977,84.14866638,84.1216685,87.90733337,89.03500112,93.25333405,80.26066589,88.65000153,87.7543335,86.78866831
1985:1,79.54299927,97.21266429,69.65166728,98.09566752,86.74000041,84.5613327,108.3996658,88.1780014,85.69499969,85.04800161,75.92366791,87.48933411,87.51933543,87.69433339
1985:2,80.72466787,99.40499878,73.38233439,100.5446676,86.34566752,86.61466471,76.96166992,88.32400004,90.19700114,91.75766754,77.8700002,91.07800039,88.42833455,87.53666687
1985:3,82.11500041,89.83466593,80.96733348,102.9143346,89.75100199,82.21833293,81.52466838,90.88366445,95.91199748,92.42133331,76.80266571,98.54633077,91.14999898,88.64899953
1985:4,83.91899872,95.19266764,73.90399933,101.4836655,87.53633372,85.36566671,87.15133413,89.71066793,90.67266846,95.48099772,78.46399943,91.35899862,89.74599965,88.30333455
1986:1,81.43766785,99.85600281,73.01700083,100.7986679,89.22699992,87.36400096,108.6393331,89.92633311,88.26633453,90.39566803,78.68633525,89.29566701,89.60233307,88.8706665
1986:2,83.47166443,102.8986638,80.23699951,103.1143341,89.73600006,90.16500092,79.02500153,89.28533173,93.05633291,96.70866648,81.26800028,93.1299998,89.66133118,88.10133362
1986:3,87.03533427,90.02433268,87.48466492,103.4153341,92.7519989,85.9916687,85.64800008,91.47299957,97.1293335,97.76833089,82.99966685,101.5239995,92.40966797,89.34733327
1986:4,91.29533386,97.03933462,80.41066742,100.9043325,91.13233439,91.40500132,89.50833384,90.69500224,92.91066742,96.63633474,87.3106664,94.96266429,91.90733337,89.82700094
1987:1,88.85566711,106.6319987,76.85933177,99.88300069,92.47799937,94.35933177,109.3893331,91.50266774,90.00666555,91.43400065,85.74900055,95.56400045,92.242335,90.87233226
1987:2,93.68966675,104.6063334,81.91400146,104.907664,92.46799723,95.29299927,81.87266541,92.1280009,94.81466675,95.81433105,88.70566813,95.7456665,94.02266693,92.1896642
1987:3,96.54166667,89.52233378,92.9419988,108.0030009,95.78133392,89.04233551,88.79066467,94.83600108,100.5649999,96.72800191,88.51500193,97.00200144,97.37599945,94.53633372
1987:4,97.15033468,101.9983317,80.39399974,104.0179977,93.97866821,97.08066813,90.66066742,94.75933329,95.76466878,98.44299825,93.46566518,97.15433502,96.56400045,95.05099996
1988:1,97.63400014,105.5150019,79.09533183,101.0683339,95.83766683,97.79066722,116.7870026,96.23566691,93.00933584,95.11233266,92.21066538,99.34566752,96.96899923,95.94966634
1988:2,99.59899902,114.3693339,86.24500275,103.0953318,95.53966777,103.0806681,83.77266693,97.04666646,95.97166443,97.85966746,95.00733185,98.3093338,98.11566671,96.67133331
1988:3,99.38500214,96.19333649,98.52333323,104.3226674,98.4286677,94.79199727,92.23466746,99.33700053,101.5683339,98.9406662,93.8086675,97.73633321,100.9763311,98.58666484
1988:4,100.582667,112.2926661,86.57100169,100.3883336,97.07500203,103.4016698,95.13799795,98.84033457,97.22833506,99.82133484,97.054334,97.77933502,99.76200104,98.34399923
1989:1,100.2919998,117.5016658,83.29933167,98.06299845,98.01833344,104.8703334,114.8769989,99.45733388,93.73366547,95.34199778,95.84933217,100.4936651,99.77766673,98.98499807
1989:2,101.3860016,119.5119985,89.00866699,101.4626668,97.78966522,106.6643346,86.33433533,100.6566696,97.99233246,97.55599976,97.48133087,100.9536667,101.1433334,99.65333557
1989:3,97.37400055,96.18033091,98.50099945,102.0963338,97.86366526,94.87400055,91.24799856,100.4253337,100.1329981,100.6290003,93.9343338,99.96900177,101.6676661,99.47766876
1989:4,97.82099915,102.5516663,88.01266734,98.89600118,97.07133484,98.91633097,100.6843338,99.18799845,97.76800028,99.46933238,96.27666728,99.19366709,99.85266622,98.44033305
1990:1,98.37233226,101.4613342,85.63433329,96.52866618,97.27799988,99.07566579,113.8246638,99.30233256,94.76666768,96.47466532,97.28899892,101.9539998,99.52033488,98.61966451
1990:2,98.68099976,114.5916672,91.63499959,96.92100016,96.95433299,104.457667,86.47833506,99.21533457,97.15199788,96.79366811,97.05400085,99.93799845,99.80766551,98.82899729
1990:3,96.40099843,97.74666595,101.784668,99.03966522,99.51766713,96.14566549,94.08399963,101.2580007,102.1536687,102.6790009,95.09333293,100.8503342,102.183665,100.4319992
1990:4,91.12533061,89.63566589,90.65900167,93.9963328,95.61766561,92.30566661,96.22900136,98.34299978,99.01766459,97.91733297,94.37099965,99.60466512,98.8156662,97.85533396
1991:1,87.41933187,82.95233154,87.52933248,90.95666504,94.61000061,88.10600026,116.387001,96.26399994,94.36166636,94.50299835,91.96233368,100.2160009,95.64533234,95.31599935
1991:2,91.8169988,96.52533468,94.78299967,96.94400024,95.9946696,95.0043335,88.69433339,97.21966553,98.28633118,99.17366791,93.85033162,98.96233368,97.08466593,96.06633504
1991:3,93.99400075,87.98433431,104.8483327,102.3803329,99.92299906,92.42033386,95.08066813,99.39866638,103.4833323,101.4636663,95.90233358,99.07400004,99.98366547,98.77266693
1991:4,93.22900136,93.65733592,93.42033386,100.1930008,97.66166433,96.63466644,101.2480011,97.88666534,97.8813324,100.824,98.98299917,100.1876678,97.87599945,97.67366791
1992:1,96.12733459,94.76366679,92.09200033,96.73066966,97.66733551,95.8106664,117.1073354,97.34833272,94.97999827,95.41033427,96.60733287,100.7409999,96.95800018,97.79433441
1992:2,99.9469986,106.9106674,98.79333242,99.79799906,98.75666555,102.8076681,87.70933278,98.97533417,99.02633158,100.051,99.62799835,99.35133362,99.09533183,99.58000183
1992:3,102.1626663,93.34033457,109.4313329,102.7876663,102.0863342,96.34366608,90.33200073,101.4823329,106.1929983,99.64799754,98.6773351,99.26699829,102.1616669,101.1930008
1992:4,101.7636668,104.9846675,99.6830012,100.6836675,101.4893341,105.0383326,104.8516668,102.1936671,99.80099996,104.8903325,105.0876668,100.6410014,101.7850011,101.4329987
1993:1,103.517334,114.1846644,96.42433421,98.5726649,102.9523341,111.0466665,127.095665,102.6363322,95.58466593,97.89899953,108.6893336,102.8896662,101.5449982,102.2080002
1993:2,106.5896657,118.7799988,101.2716675,103.1080017,101.7226664,114.2173335,89.40699768,102.4373322,97.67833455,101.5986659,110.7996648,103.4876684,102.1593323,102.7493312
1993:3,107.6389999,100.070666,113.9623337,105.856336,105.5993322,105.1373316,98.37666575,104.7039998,104.9436671,102.929334,108.9310023,101.7803319,105.2366664,104.3853327
1993:4,104.1146673,116.5733312,97.79099782,101.8906682,103.5936661,116.7276662,106.010999,104.435997,98.91666921,107.5659993,116.8690008,101.6863327,104.1763331,104.5953318
1994:1,107.8529994,129.2659988,96.54533641,98.6333313,106.100001,122.9623337,130.3653336,105.7929993,96.58300273,96.81233215,118.3546651,101.6970011,104.5946681,106.0213343
1994:2,109.7170029,130.4366659,104.5386658,106.5270004,106.4306666,126.0079981,91.05200195,106.7599996,102.3886668,102.8360011,122.7809982,102.3396657,106.3963343,108.1910019
1994:3,110.0210012,114.5926692,115.3023326,108.9653346,110.1469981,118.6460012,96.36599986,109.4186656,109.7873357,102.6949972,121.559667,102.1320012,109.7686666,110.8133341
1994:4,110.3129985,127.2623342,102.8466644,106.1816661,108.5783335,127.4933319,102.5709991,109.6639989,105.1963323,105.3053309,127.6433309,101.1029994,109.2396673,111.3230006
1995:1,110.3180008,132.8726629,101.1326675,102.3116684,109.9293365,131.1973317,125.8589986,110.7756678,100.7606659,100.1586685,129.8160019,103.0623322,109.1780014,112.8470001
1995:2,111.3040009,131.6746623,105.7183355,106.0726674,108.5336685,128.9306666,92.90433502,110.2523321,105.4300003,104.385999,126.7146657,103.4129995,109.3583349,113.1096649
1995:3,113.5743306,115.2433345,120.5023346,106.8000005,113.1503321,121.652331,102.508667,113.840332,112.1813304,105.9046656,126.683665,104.4350001,113.6126658,115.9696681
1995:4,113.2766673,125.4513346,108.5239995,102.3803329,110.6680018,130.5903295,109.4273326,112.7906647,105.0806681,106.6813354,134.6089935,103.8520025,111.720665,115.3806661
1996:1,115.6329981,126.4246674,105.7416662,97.65733337,111.1186651,128.1563365,136.2969971,113.2960002,101.8483327,101.7856674,129.4860001,103.2723338,111.0936661,115.9316686
1996:2,116.8746668,138.9130046,109.4399999,103.7116648,111.0096664,136.2753347,99.1236674,114.9206645,105.4233348,107.5030009,134.1606649,103.7960002,113.5843328,118.6476669
1996:3,116.3173319,121.9159978,125.7306671,105.7023341,114.9509989,126.7839966,102.1419983,118.277331,111.866333,107.6946665,130.4796702,105.9696681,117.7716649,121.7850011
1996:4,114.2939987,126.6366628,114.588,102.0366669,112.9620005,132.2920024,111.6479975,118.1036657,105.8343353,110.284668,136.7829997,107.5673345,116.8323313,121.8610001
1997:1,116.6736654,137.7943319,111.7146683,97.47333272,113.7356644,136.4596608,128.8373311,119.2563349,102.6139984,102.5416667,134.9533335,107.9163335,117.0543315,123.3753332
1997:2,118.9696681,139.8346659,117.6666692,101.9820023,113.5076675,139.8253326,97.28966777,121.1896667,105.3880005,111.4053345,139.471995,110.9473317,119.7069982,126.1563339
1997:3,119.248998,125.2633336,129.6809998,103.2796656,117.3626684,132.0256653,103.1806666,124.8560028,112.6669998,111.3059998,137.8569997,112.5576681,124.0046666,129.9416656
1997:4,116.8460007,140.5246658,126.8769989,99.04166667,118.8233312,144.1566671,116.5333328,127.3553314,108.2476654,111.9763336,147.0446676,113.1863327,125.0809987,131.4533335
1998:1,119.6963323,144.1969961,126.9376653,93.66999817,119.5970001,148.5,132.3756663,128.4526647,105.7353338,105.7899984,152.0686696,109.9219996,124.8533325,131.9396667
1998:2,124.8633347,141.840332,126.2789993,96.17766571,116.7056681,146.1363373,98.09066518,127.4700012,108.9863332,112.4333318,149.6369985,107.7836634,125.5873337,132.7356669
1998:3,125.4456635,129.8810043,129.6233368,96.46999868,119.1640015,138.7260005,107.4856669,130.683665,114.8036677,112.5946655,145.919337,109.0429993,129.6866659,135.6393382
1998:4,123.6503347,147.2076721,127.0383326,91.08700053,118.0683339,149.7289937,109.333669,130.6676687,108.8850021,111.3830007,151.7026672,107.3709997,128.7736638,135.6173299
1999:1,126.6713359,155.5110016,130.2400004,85.87900035,121.2170003,158.2666677,138.4286652,132.0673319,106.1060003,107.0603333,160.3073324,104.3356679,128.716334,136.3943329
1999:2,130.306661,159.1213328,130.1626638,89.30533346,118.7730001,161.5996653,98.83233388,131.5166677,107.8790003,112.4303335,163.3263346,104.5023321,129.6766713,138.1126658
1999:3,130.438001,143.5323334,134.7850037,89.79733531,121.4456685,151.5726674,107.4969991,134.3213348,114.0230001,112.5796661,158.2633311,107.9633331,133.3870036,141.2366689
1999:4,129.0873362,152.3636678,135.5823364,86.30233256,121.7360001,161.7966665,111.091334,135.1203308,108.7559992,113.4526672,169.7883352,110.0789998,133.0889994,142.593338
2000:1,132.6716665,163.792333,133.3236694,83.36466471,123.9903336,167.9123281,135.4080022,137.2020009,107.0286662,106.4213333,170.8939972,108.3283335,133.7903392,144.3320007
2000:2,133.9703318,164.5793355,136.4243368,87.24266815,122.0483348,168.7116699,101.5500005,137.5036672,109.882665,114.6583354,171.6943309,108.9633331,135.3393351,147.0199992
2000:3,131.4623362,141.1863327,139.8493347,86.5089976,123.2583338,151.4670003,107.1826655,139.9313354,116.2153346,115.4356664,160.3546702,113.0853322,138.4256694,149.60967
2000:4,128.8943303,143.125,138.451004,82.81366475,122.787,154.9900004,121.0536677,140.4089966,109.832667,115.3769989,165.4696706,113.982666,137.3353373,148.8456675
